RAS-X40C2,SP-WL1
RAS-X56C2,SP-WL1
RAS-X63C2,SP-WL1
RAS-X71C2,SP-WL1
RAS-JT22CE1,SP-WL1
RAS-JT25CE1,SP-WL1
RAS-JT28CE1,SP-WL1
RAS-JT36CE1,SP-WL1
RAS-JT40C2E1,SP-WL1
RAS-JT56C2E1,SP-WL1
RAS-JT63C2E1,SP-WL1
RAS-JT71C2E1,SP-WL1
RAS-X40C2C,SP-WL1
RAS-X56C2C,SP-WL1
RAS-X63C2C,SP-WL1
RAS-X71C2C,SP-WL1
RAS-XP22C,SP-WL1
RAS-XP28C,SP-WL1
RAS-JH22DE2,SP-WL1
RAS-JH25DE2,SP-WL1
RAS-JH28DE2,SP-WL1
RAS-JH36DE2,SP-WL1
RAS-JH40D2E2,SP-WL1
RAS-JH56D2E2,SP-WL1
RAS-JH63D2E2,SP-WL1
RAS-JH71D2E2,SP-WL1
RAS-Z22D,SP-WL2
RAS-Z25D,SP-WL2
RAS-Z28D,SP-WL2
RAS-Z36D,SP-WL2
RAS-Z40D2,SP-WL2
RAS-Z56D2,SP-WL2
RAS-Z63D2,SP-WL2
RAS-Z71D2,SP-WL2
RAS-ZJ22D,SP-WL2
RAS-ZJ25D,SP-WL2
RAS-ZJ28D,SP-WL2
RAS-ZJ36D,SP-WL2
RAS-ZJ40D2,SP-WL2
RAS-ZJ56D2,SP-WL2
RAS-ZJ63D2,SP-WL2
RAS-ZJ71D2,SP-WL2
RAS-ZC22D,SP-WL2
RAS-ZC25D,SP-WL2
RAS-ZC28D,SP-WL2
RAS-ZC36D,SP-WL2
RAS-ZC40D2,SP-WL2
RAS-ZC56D2,SP-WL2
RAS-ZC63D2,SP-WL2
RAS-ZC71D2,SP-WL2
RAS-S22D,SP-WL2
RAS-S25D,SP-WL2
RAS-S28D,SP-WL2
RAS-S36D,SP-WL2
RAS-S40D2,SP-WL2
RAS-S56D2,SP-WL2
RAS-S63D2,SP-WL2
RAS-S71D2,SP-WL2
RAS-SJ22D,SP-WL2
RAS-SJ25D,SP-WL2
RAS-SJ28D,SP-WL2
RAS-SJ36D,SP-WL2
RAS-SJ40D2,SP-WL2
RAS-SJ56D2,SP-WL2
RAS-SJ63D2,SP-WL2
RAS-SJ71D2,SP-WL2
RAS-G22D,SP-WL2
RAS-G25D,SP-WL2
RAS-G28D,SP-WL2
RAS-G36D,SP-WL2
RAS-G40D2,SP-WL2
RAS-G56D2,SP-WL2
RAS-G63D2,SP-WL2
RAS-G71D2,SP-WL2
RAS-V22D,SP-WL2
RAS-V25D,SP-WL2
RAS-V28D,SP-WL2
RAS-V36D,SP-WL2
RAS-V40D2,SP-WL2
RAS-VL56D2,SP-WL2
RAS-VL63D2,SP-WL2
RAS-VL71D2,SP-WL2
RAS-BJ22D,SP-WL2
RAS-BJ25D,SP-WL2
RAS-BJ28D,SP-WL2
RAS-BJ36D,SP-WL2
RAS-BJ40D2,SP-WL2
RAS-BJL56D2,SP-WL2
RAS-M22DE2,SP-WL2
RAS-M25DE2,SP-WL2
RAS-M28DE2,SP-WL2
RAS-M40D2E2,SP-WL2
RAS-GBK22D,SP-WL2
RAS-GBK25D,SP-WL2
RAS-GBK28D,SP-WL2
RAS-GBK36D,SP-WL2
RAS-GBK40D2,SP-WL2
RAS-Z80D2,SP-WL2
RAS-ZC80D2,SP-WL2
RAS-ZJ80D2,SP-WL2
RAS-E22D,SP-WL2
RAS-E25D,SP-WL2
RAS-E28D,SP-WL2
RAS-E36D,SP-WL2
RAS-E40D2,SP-WL2
RAS-E56D2,SP-WL2
RAS-E63D2,SP-WL2
RAS-E71D2,SP-WL2
RAS-K22D,SP-WL2
RAS-K25D,SP-WL2
RAS-K28D,SP-WL2
RAS-K36D,SP-WL2
RAS-K40D2,SP-WL2
RAS-K56D2,SP-WL2
RAS-K63D2,SP-WL2
RAS-K71D2,SP-WL2
RAS-X40D2,SP-WL2
RAS-X56D2,SP-WL2
RAS-X63D2,SP-WL2
RAS-X71D2,SP-WL2
RAS-X80D2,SP-WL2
RAS-E2200DJ,SP-WL2
RAS-E2500DJ,SP-WL2
RAS-E2800DJ,SP-WL2
RAS-E4000DJ2,SP-WL2
RAS-E5600DJ2,SP-WL2
RAS-E6300DJ2,SP-WL2
RAS-E7100DJ2,SP-WL2
RAS-G2200DJ,SP-WL2
RAS-G2500DJ,SP-WL2
RAS-G2800DJ,SP-WL2
RAS-G4000DJ2,SP-WL2
RAS-G5600DJ2,SP-WL2
RAS-G6300DJ2,SP-WL2
RAS-G7100DJ2,SP-WL2
RAS-AE22C,SP-WL2
RAS-AE28C,SP-WL2
RAS-AE40C2,SP-WL2
RAS-AE56C2,SP-WL2
RAS-AE63C2,SP-WL2
RAS-AE71C2,SP-WL2
RAS-ET22D,SP-WL2
RAS-ET25D,SP-WL2
RAS-ET28D,SP-WL2
RAS-ET40D2,SP-WL2
RAS-X22E,SP-WL2
RAS-X25E,SP-WL2
RAS-X28E,SP-WL2
RAS-X36E,SP-WL2
RAS-X40E2,SP-WL2
RAS-X56E2,SP-WL2
RAS-X63E2,SP-WL2
RAS-X71E2,SP-WL2
RAS-X80E2,SP-WL2
RAS-Z22E,SP-WL2
RAS-Z25E,SP-WL2
RAS-Z28E,SP-WL2
RAS-Z36E,SP-WL2
RAS-Z40E2,SP-WL2
RAS-Z56E2,SP-WL2
RAS-Z63E2,SP-WL2
RAS-Z71E2,SP-WL2
RAS-Z80E2,SP-WL2
RAS-XC22E,SP-WL2
RAS-XC25E,SP-WL2
RAS-XC28E,SP-WL2
RAS-XC36E,SP-WL2
RAS-XC40E2,SP-WL2
RAS-XC56E2,SP-WL2
RAS-XC63E2,SP-WL2
RAS-XC71E2,SP-WL2
RAS-XC80E2,SP-WL2
RAS-XJ22E,SP-WL2
RAS-XJ25E,SP-WL2
RAS-XJ28E,SP-WL2
RAS-XJ36E,SP-WL2
RAS-XJ40E2,SP-WL2
RAS-XJ56E2,SP-WL2
RAS-XJ63E2,SP-WL2
RAS-XJ71E2,SP-WL2
RAS-XJ80E2,SP-WL2
RAS-ZJ22E,SP-WL2
RAS-ZJ25E,SP-WL2
RAS-ZJ28E,SP-WL2
RAS-ZJ36E,SP-WL2
RAS-ZJ40E2,SP-WL2
RAS-ZJ56E2,SP-WL2
RAS-ZJ63E2,SP-WL2
RAS-ZJ71E2,SP-WL2
RAS-ZJ80E2,SP-WL2
RAS-BJ22E,SP-WL2
RAS-BJ25E,SP-WL2
RAS-BJ28E,SP-WL2
RAS-BJ36E,SP-WL2
RAS-BJ40E2,SP-WL2
RAS-BJ56E2,SP-WL2
RAS-V22E,SP-WL2
RAS-V25E,SP-WL2
RAS-V28E,SP-WL2
RAS-V36E,SP-WL2
RAS-V40E2,SP-WL2
RAS-VL56E2,SP-WL2
RAS-VL63E2,SP-WL2
RAS-VL71E2,SP-WL2
RAS-G22E,SP-WL2
RAS-G25E,SP-WL2
RAS-G28E,SP-WL2
RAS-G36E,SP-WL2
RAS-G40E2,SP-WL2
RAS-G56E2,SP-WL2
RAS-G63E2,SP-WL2
RAS-G71E2,SP-WL2
RAS-ZD25E2,SP-WL2
RAS-ZD28E2,SP-WL2
RAS-ZD40E2,SP-WL2
RAS-ZD56E2,SP-WL2
RAS-E2200EJ,SP-WL2
RAS-E2500EJ,SP-WL2
RAS-E2800EJ,SP-WL2
RAS-E4000EJ2,SP-WL2
RAS-E5600EJ2,SP-WL2
RAS-E6300EJ2,SP-WL2
RAS-E7100EJ2,SP-WL2
RAS-G2200EJ,SP-WL2
RAS-G2500EJ,SP-WL2
RAS-G2800EJ,SP-WL2
RAS-G4000EJ2,SP-WL2
RAS-G5600EJ2,SP-WL2
RAS-G6300EJ2,SP-WL2
RAS-G7100EJ2,SP-WL2
RAS-K22E,SP-WL2
RAS-K25E,SP-WL2
RAS-K28E,SP-WL2
RAS-K36E,SP-WL2
RAS-K40E2,SP-WL2
RAS-K56E2,SP-WL2
RAS-K63E2,SP-WL2
RAS-K71E2,SP-WL2
RAS-GBK22E,SP-WL2
RAS-GBK25E,SP-WL2
RAS-GBK28E,SP-WL2
RAS-GBK36E,SP-WL2
RAS-GBK40E2,SP-WL2
RAS-M22EE3,SP-WL2
RAS-M25EE3,SP-WL2
RAS-M28EE3,SP-WL2
RAS-M40E2E3,SP-WL2
RAS-JG22D,SP-WL2
RAS-JG28D,SP-WL2
RAS-JG40D2,SP-WL2
RAS-AE22D,SP-WL2
RAS-AE28D,SP-WL2
RAS-AE40D2,SP-WL2
RAS-AE56D2,SP-WL2
RAS-AE63D2,SP-WL2
RAS-AE71D2,SP-WL2
RAS-E22E,SP-WL2
RAS-E25E,SP-WL2
RAS-E28E,SP-WL2
RAS-E36E,SP-WL2
RAS-E40E2,SP-WL2
RAS-E56E2,SP-WL2
RAS-E63E2,SP-WL2
RAS-E71E2,SP-WL2
