RAS-X22K,
RAS-X25K,
RAS-X28K,
RAS-X36K,
RAS-X36K2,
RAS-X40K2,
RAS-X56K2,
RAS-X63K2,
RAS-X71K2,
RAS-X80K2,
RAS-X90K2,
RAS-XJ22K,
RAS-XJ25K,
RAS-XJ28K,
RAS-XJ36K,
RAS-XJ36K2,
RAS-XJ40K2,
RAS-XJ56K2,
RAS-XJ63K2,
RAS-XJ71K2,
RAS-XJ80K2,
RAS-XJ90K2,
RAS-XC22K,
RAS-XC25K,
RAS-XC28K,
RAS-XC36K,
RAS-XC36K2,
RAS-XC40K2,
RAS-XC56K2,
RAS-XC63K2,
RAS-XC71K2,
RAS-XC80K2,
RAS-XC90K2,
RAS-JT22KE8,
RAS-JT25KE8,
RAS-JT28KE8,
RAS-JT36KE8,
RAS-JT40K2E8,
RAS-JT56K2E8,
RAS-JT63K2E8,
RAS-JT71K2E8,
RAS-JT80K2E8,
RAS-JT90K2E8